Feature,Importance
Neighborhood_Encoded,0.3109119843075179
Total_Rooms,0.2807334230850054
Size_Numeric,0.1375989637920719
Bathrooms,0.08607275718016906
Has_Swimming_Pool,0.06688251826847942
Bedrooms_Numeric,0.04221686289875148
Has_Backup_Generator,0.042171459005845194
Has_Fibre_Internet,0.021493463356775572
Has_Garden,0.0071076896864381445
Has_Parking,0.004810878418946068
