Model,Test R²,Test RMSE (KES),Test MAE (KES)
XGBoost,0.41128283739089966,129244.52186456491,92576.1328125
Random Forest,0.3846321587856265,132137.52851126916,98437.74811616696
Linear Regression,0.10873559560830881,159023.77626003276,123956.95363301312
